site,wildtype
1,M
2,E
3,R
4,I
5,K
6,E
7,L
8,R
9,D
10,L
11,M
12,S
13,Q
14,S
15,R
16,T
17,R
18,E
19,I
20,L
21,T
22,K
23,T
24,T
25,V
26,D
27,H
28,M
29,A
30,I
31,I
32,K
33,K
34,Y
35,T
36,S
37,G
38,R
39,Q
40,E
41,K
42,N
43,P
44,A
45,L
46,R
47,M
48,K
49,W
50,M
51,M
52,A
53,M
54,K
55,Y
56,P
57,I
58,T
59,A
60,D
61,K
62,R
63,I
64,M
65,E
66,M
67,I
68,P
69,E
70,R
71,N
72,E
73,Q
74,G
75,Q
76,T
77,L
78,W
79,S
80,K
81,T
82,N
83,D
84,A
85,G
86,S
87,D
88,R
89,V
90,M
91,V
92,S
93,P
94,L
95,A
96,V
97,T
98,W
99,W
100,N
101,R
102,N
103,G
104,P
105,T
106,T
107,S
108,T
109,V
110,H
111,Y
112,P
113,K
114,V
115,Y
116,K
117,T
118,Y
119,F
120,E
121,K
122,V
123,E
124,R
125,L
126,K
127,H
128,G
129,T
130,F
131,G
132,P
133,V
134,H
135,F
136,R
137,N
138,Q
139,V
140,K
141,I
142,R
143,R
144,R
145,V
146,D
147,I
148,N
149,P
150,G
151,H
152,A
153,D
154,L
155,S
156,A
157,K
158,E
159,A
160,Q
161,D
162,V
163,I
164,M
165,E
166,V
167,V
168,F
169,P
170,N
171,E
172,V
173,G
174,A
175,R
176,I
177,L
178,T
179,S
180,E
181,S
182,Q
183,L
184,T
185,I
186,T
187,R
188,E
189,K
190,K
191,E
192,E
193,L
194,Q
195,D
196,C
197,K
198,I
199,A
200,P
201,L
202,M
203,V
204,A
205,Y
206,M
207,L
208,E
209,R
210,E
211,L
212,V
213,R
214,K
215,T
216,R
217,F
218,L
219,P
220,V
221,A
222,G
223,G
224,T
225,S
226,S
227,V
228,Y
229,I
230,E
231,V
232,L
233,H
234,L
235,T
236,Q
237,G
238,T
239,C
240,W
241,E
242,Q
243,M
244,Y
245,T
246,P
247,G
248,G
249,E
250,V
251,R
252,N
253,D
254,D
255,V
256,D
257,Q
258,S
259,L
260,I
261,I
262,A
263,A
264,R
265,N
266,I
267,V
268,R
269,R
270,A
271,T
272,V
273,S
274,A
275,D
276,P
277,L
278,A
279,S
280,L
281,L
282,E
283,M
284,C
285,H
286,S
287,T
288,Q
289,I
290,G
291,G
292,I
293,R
294,M
295,V
296,D
297,I
298,L
299,R
300,Q
301,N
302,P
303,T
304,E
305,E
306,Q
307,A
308,V
309,D
310,I
311,C
312,K
313,A
314,A
315,M
316,G
317,L
318,R
319,I
320,S
321,S
322,S
323,F
324,S
325,F
326,G
327,G
328,F
329,T
330,F
331,K
332,R
333,T
334,S
335,G
336,S
337,S
338,V
339,K
340,R
341,E
342,E
343,E
344,V
345,L
346,T
347,G
348,N
349,L
350,Q
351,T
352,L
353,K
354,I
355,R
356,V
357,H
358,E
359,G
360,Y
361,E
362,E
363,F
364,T
365,M
366,V
367,G
368,R
369,R
370,A
371,T
372,A
373,I
374,L
375,R
376,K
377,A
378,T
379,R
380,R
381,L
382,I
383,Q
384,L
385,I
386,V
387,S
388,G
389,R
390,D
391,E
392,Q
393,S
394,I
395,A
396,E
397,A
398,I
399,I
400,V
401,A
402,L
403,V
404,F
405,S
406,Q
407,E
408,D
409,C
410,M
411,I
412,K
413,A
414,V
415,R
416,G
417,D
418,L
419,N
420,F
421,V
422,N
423,R
424,A
425,N
426,Q
427,R
428,L
429,N
430,P
431,M
432,H
433,Q
434,L
435,L
436,R
437,H
438,F
439,Q
440,K
441,D
442,A
443,K
444,V
445,L
446,F
447,Q
448,N
449,W
450,G
451,I
452,E
453,P
454,I
455,D
456,N
457,V
458,M
459,G
460,M
461,I
462,G
463,I
464,L
465,P
466,D
467,M
468,T
469,P
470,S
471,T
472,E
473,M
474,S
475,L
476,R
477,G
478,I
479,R
480,V
481,S
482,K
483,M
484,G
485,V
486,D
487,E
488,Y
489,S
490,S
491,T
492,E
493,R
494,V
495,V
496,V
497,S
498,I
499,D
500,R
501,F
502,L
503,R
504,V
505,R
506,D
507,Q
508,R
509,G
510,N
511,V
512,L
513,L
514,S
515,P
516,E
517,E
518,V
519,S
520,E
521,T
522,Q
523,G
524,T
525,E
526,K
527,L
528,T
529,I
530,T
531,Y
532,S
533,S
534,S
535,M
536,M
537,W
538,E
539,I
540,N
541,G
542,P
543,E
544,S
545,V
546,L
547,V
548,N
549,T
550,Y
551,Q
552,W
553,I
554,I
555,R
556,N
557,W
558,E
559,T
560,V
561,K
562,I
563,Q
564,W
565,S
566,Q
567,D
568,P
569,T
570,M
571,L
572,Y
573,N
574,K
575,M
576,E
577,F
578,E
579,P
580,F
581,Q
582,S
583,L
584,V
585,P
586,K
587,A
588,A
589,R
590,G
591,Q
592,Y
593,S
594,G
595,F
596,V
597,R
598,T
599,L
600,F
601,Q
602,Q
603,M
604,R
605,D
606,V
607,L
608,G
609,T
610,F
611,D
612,T
613,V
614,Q
615,I
616,I
617,K
618,L
619,L
620,P
621,F
622,A
623,A
624,A
625,P
626,P
627,E
628,Q
629,S
630,R
631,M
632,Q
633,F
634,S
635,S
636,L
637,T
638,V
639,N
640,V
641,R
642,G
643,S
644,G
645,M
646,R
647,I
648,L
649,V
650,R
651,G
652,N
653,S
654,P
655,V
656,F
657,N
658,Y
659,N
660,K
661,A
662,T
663,K
664,R
665,L
666,T
667,V
668,L
669,G
670,K
671,D
672,A
673,G
674,A
675,L
676,T
677,E
678,D
679,P
680,D
681,E
682,G
683,T
684,A
685,G
686,V
687,E
688,S
689,A
690,V
691,L
692,R
693,G
694,F
695,L
696,I
697,L
698,G
699,K
700,E
701,D
702,K
703,R
704,Y
705,G
706,P
707,A
708,L
709,S
710,I
711,N
712,E
713,L
714,S
715,N
716,L
717,A
718,K
719,G
720,E
721,K
722,A
723,N
724,V
725,L
726,I
727,G
728,Q
729,G
730,D
731,V
732,V
733,L
734,V
735,M
736,K
737,R
738,K
739,R
740,D
741,S
742,S
743,I
744,L
745,T
746,D
747,S
748,Q
749,T
750,A
751,T
752,K
753,R
754,I
755,R
756,M
757,A
758,I
759,N
